"step	cyano	ecw	"
"0	9.022288e-14	5.721264e-15	"
"100	9.168921e-14	5.602608e-15	"
"200	9.317937e-14	5.487194e-15	"
"300	9.469375e-14	5.374904e-15	"
"400	9.623274e-14	5.265631e-15	"
"500	9.779674e-14	5.159277e-15	"
"600	9.938616e-14	5.055756e-15	"
"700	1.010014e-13	4.954983e-15	"
"800	1.026429e-13	4.856881e-15	"
"900	1.043111e-13	4.761376e-15	"
"1000	1.060064e-13	4.668395e-15	"
